{
  "token_acc":1.0,
  "token_p":1.0,
  "token_r":1.0,
  "token_f":1.0,
  "ents_p":0.9988603989,
  "ents_r":0.9988603989,
  "ents_f":0.9988603989,
  "ents_per_type":{
    "PER":{
      "p":1.0,
      "r":1.0,
      "f":1.0
    },
    "TITRE":{
      "p":0.9971346705,
      "r":1.0,
      "f":0.9985652798
    },
    "LOC":{
      "p":1.0,
      "r":1.0,
      "f":1.0
    },
    "CARDINAL":{
      "p":1.0,
      "r":1.0,
      "f":1.0
    },
    "ACT":{
      "p":0.9970845481,
      "r":0.9941860465,
      "f":0.9956331878
    }
  },
  "speed":97.2282275338
}