{
  "token_acc":1.0,
  "token_p":1.0,
  "token_r":1.0,
  "token_f":1.0,
  "ents_p":0.9982925441,
  "ents_r":0.9994301994,
  "ents_f":0.9988610478,
  "ents_per_type":{
    "PER":{
      "p":0.9973190349,
      "r":1.0,
      "f":0.9986577181
    },
    "TITRE":{
      "p":0.9971346705,
      "r":1.0,
      "f":0.9985652798
    },
    "LOC":{
      "p":1.0,
      "r":1.0,
      "f":1.0
    },
    "CARDINAL":{
      "p":1.0,
      "r":1.0,
      "f":1.0
    },
    "ACT":{
      "p":0.9970930233,
      "r":0.9970930233,
      "f":0.9970930233
    }
  },
  "speed":8793.5688662843
}