{
  "token_acc":1.0,
  "token_p":1.0,
  "token_r":1.0,
  "token_f":1.0,
  "ents_p":0.9807450816,
  "ents_r":0.9726027397,
  "ents_f":0.9766569404,
  "ents_per_type":{
    "PER":{
      "p":0.9788293898,
      "r":0.9788293898,
      "f":0.9788293898
    },
    "ACT":{
      "p":0.9748427673,
      "r":0.9651307597,
      "f":0.9699624531
    },
    "LOC":{
      "p":0.9886219975,
      "r":0.9738480697,
      "f":0.9811794228
    }
  },
  "speed":21208.7614208355
}