{
  "DEP": {
    "precision": 0.9996643732169828,
    "recall": 0.9996308229292522,
    "f1": 0.9996475977916128,
    "number": 29796
  },
  "DEST": {
    "precision": 0.9996626180836707,
    "recall": 0.9996963460305678,
    "f1": 0.9996794817726344,
    "number": 29639
  },
  "overall_precision": 0.9996634979389248,
  "overall_recall": 0.9996634979389248,
  "overall_f1": 0.9996634979389248,
  "overall_accuracy": 0.9999373098552595
}
