{
  "token_acc":1.0,
  "token_p":1.0,
  "token_r":1.0,
  "token_f":1.0,
  "ents_p":0.8221003135,
  "ents_r":0.7878332707,
  "ents_f":0.8046021093,
  "ents_per_type":{
    "B-per":{
      "p":0.84625,
      "r":0.8389095415,
      "f":0.8425637834
    },
    "B-org":{
      "p":0.7119113573,
      "r":0.4923371648,
      "f":0.5821064553
    },
    "B-geo":{
      "p":0.749665328,
      "r":0.8615384615,
      "f":0.8017179671
    },
    "B-gpe":{
      "p":0.9372759857,
      "r":0.894017094,
      "f":0.915135608
    },
    "B-tim":{
      "p":0.9411764706,
      "r":0.8421052632,
      "f":0.8888888889
    },
    "B-art":{
      "p":1.0,
      "r":0.5,
      "f":0.6666666667
    },
    "B-eve":{
      "p":0.0,
      "r":0.0,
      "f":0.0
    }
  },
  "speed":7826.0185400599
}